timestamp,total_quantity,avg_price,min_price,max_price,total_pnl
0,15,4687.333333333333,2029,10004,-38410
1100,7,9996.0,9996,9996,-69972
1700,10,4684.666666666667,2026,10002,-24184
1800,6,10002.0,10002,10002,-60012
1900,1,2026.0,2026,2026,-2026
2000,6,9998.0,9998,9998,39992
2400,1,2025.0,2025,2025,-2025
2900,12,9996.0,9996,9996,-119952
3000,2,6016.0,2027,10005,-12032
3100,4,6009.5,2023,9996,-24038
3200,4,7338.333333333333,2023,9996,-24038
3700,6,10002.0,10002,10002,-60012
3800,16,4680.666666666667,2023,9996,-40341
4200,2,9996.0,9996,9996,-19992
4300,5,4681.0,2023,9995,-26061
4500,1,2023.0,2023,2023,-2023
4700,7,2023.0,2023,2023,-14161
4800,4,6015.5,2027,10004,-24062
5300,1,2025.0,2025,2025,-2025
5700,1,2024.0,2024,2024,-2024
6100,1,2024.0,2024,2024,-2024
6500,6,9998.0,9998,9998,39992
6600,7,10004.0,10004,10004,30012
6700,3,10002.0,10002,10002,-30006
6900,2,6014.0,2026,10002,-12028
7000,4,6016.0,2027,10005,-24064
7300,4,6015.5,2027,10004,-24062
7400,1,2024.0,2024,2024,-2024
7700,1,2024.0,2024,2024,-2024
8100,8,8003.75,2027,9996,-71999
8600,1,2023.0,2023,2023,-2023
8800,6,9998.0,9998,9998,39992
9200,1,2025.0,2025,2025,-2025
10300,2,6011.0,2024,9998,-12022
10400,6,10002.0,10002,10002,-60012
10800,12,10004.0,10004,10004,-20008
11100,7,9998.0,9998,9998,-69986
11300,3,2022.0,2022,2022,-6066
11400,4,7338.0,2022,9996,-24036
11500,2,10002.0,10002,10002,-20004
11700,2,2023.0,2023,2023,-4046
11800,1,2025.0,2025,2025,-2025
12000,6,10002.0,10002,10002,-60012
12400,15,2026.0,2026,2026,-30390
12500,1,2023.0,2023,2023,-2023
13000,2,6013.5,2025,10002,-12027
13200,2,9998.0,9998,9998,-19996
13300,4,6015.5,2026,10005,-24062
13600,1,2023.0,2023,2023,-2023
14200,1,2023.0,2023,2023,-2023
15000,2,2024.0,2024,2024,-4048
15200,1,2022.0,2022,2022,-2022
15300,3,10002.0,10002,10002,10002
15400,6,9998.0,9998,9998,39992
15600,4,6014.5,2025,10004,-24058
15700,1,10002.0,10002,10002,-10002
15800,1,2025.0,2025,2025,-2025
16200,8,6010.5,2023,9998,35946
16300,6,10004.0,10004,10004,40016
16400,1,10002.0,10002,10002,-10002
16600,1,2023.0,2023,2023,-2023
16700,7,7343.0,2025,10002,-62037
16800,5,9995.0,9995,9995,-49975
18200,5,2024.0,2024,2024,-10120
18500,1,2026.0,2026,2026,-2026
19000,10,2024.0,2024,2024,-20240
19300,2,6010.0,2024,9996,-12020
19700,7,7342.666666666667,2024,10002,-62036
20100,10,10002.0,10002,10002,-100020
20200,6,9998.0,9998,9998,39992
20300,1,2024.0,2024,2024,-2024
20400,4,2025.0,2025,2025,-8100
20500,1,9998.0,9998,9998,-9998
20700,6,10002.0,10002,10002,-60012
21200,6,9998.0,9998,9998,39992
21300,8,9996.0,9996,9996,-79968
21700,8,2027.0,2027,2027,-16216
22100,1,2024.0,2024,2024,-2024
22200,11,9998.0,9998,9998,-109978
22400,6,9998.0,9998,9998,39992
22500,11,2026.0,2026,2026,-22286
22700,1,2023.0,2023,2023,-2023
22800,1,2023.0,2023,2023,-2023
23200,4,6010.5,2023,9998,-24042
23300,1,9998.0,9998,9998,-9998
23500,1,2023.0,2023,2023,-2023
23700,6,10002.0,10002,10002,-60012
23900,1,2025.0,2025,2025,-2025
24100,9,7339.0,2025,9996,-81993
24500,3,6012.0,2022,10002,-14046
24600,5,2024.0,2024,2024,-10120
24900,9,2024.0,2024,2024,-18216
25100,1,10002.0,10002,10002,-10002
25200,5,7341.666666666667,2025,10002,-42021
25300,1,2023.0,2023,2023,-2023
25700,4,10004.0,10004,10004,0
25800,1,2023.0,2023,2023,-2023
26000,7,2023.0,2023,2023,-14161
26300,6,9998.0,9998,9998,39992
26400,1,2023.0,2023,2023,-2023
26600,6,9998.0,9998,9998,39992
26900,1,2023.0,2023,2023,-2023
27300,1,2025.0,2025,2025,-2025
27600,5,6010.5,2023,9998,-42015
27700,5,2023.0,2023,2023,-10115
27800,1,2025.0,2025,2025,-2025
27900,1,2025.0,2025,2025,-2025
28200,10,2025.0,2025,2025,0
28400,1,2023.0,2023,2023,-2023
29000,9,6014.5,2024,10005,-82064
29300,12,2026.0,2026,2026,-4052
29400,2,6013.0,2024,10002,-12026
29700,1,2024.0,2024,2024,-2024
30000,5,9998.0,9998,9998,-49990
30200,10,2027.0,2027,2027,-20270
30300,1,2026.0,2026,2026,-2026
30600,3,4684.333333333333,2024,10002,-14053
31300,13,2023.0,2023,2023,-26299
31600,1,2025.0,2025,2025,-2025
31900,2,10005.0,10005,10005,-20010
32400,1,2023.0,2023,2023,-2023
32500,1,2023.0,2023,2023,-2023
32600,10,8009.0,2027,10005,-84076
32800,7,9996.0,9996,9996,-69972
33000,6,10002.0,10002,10002,-60012
33100,1,2023.0,2023,2023,-2023
33200,11,2023.5,2023,2024,-22263
33500,2,6015.0,2026,10004,-12030
33600,6,10002.0,10002,10002,-60012
34000,1,2023.0,2023,2023,-2023
34100,3,9996.0,9996,9996,-29988
34200,9,2022.0,2022,2022,-18198
34300,1,10002.0,10002,10002,-10002
34600,1,2023.0,2023,2023,-2023
35000,2,6013.5,2025,10002,-12027
35100,3,10002.0,10002,10002,-30006
35300,9,2024.0,2023,2025,-18209
35400,4,6013.5,2025,10002,-32031
35800,2,2023.0,2023,2023,-4046
36100,1,10002.0,10002,10002,-10002
36200,6,9998.0,9998,9998,39992
36400,1,2024.0,2024,2024,-2024
36500,2,2023.0,2023,2023,-4046
37300,1,2021.0,2021,2021,-2021
37500,2,6008.0,2020,9996,-12016
37800,1,2020.0,2020,2020,-2020
38400,6,2020.0,2020,2020,-12120
38500,6,10002.0,10002,10002,-60012
38600,2,6007.5,2019,9996,-12015
38800,1,9996.0,9996,9996,-9996
39200,2,6010.0,2022,9998,-12020
39400,2,6013.0,2022,10004,-12026
39500,6,9998.0,9998,9998,39992
40500,1,2019.0,2019,2019,-2019
40900,12,8406.6,2017,10004,-12021
41000,1,2018.0,2018,2018,-2018
41100,3,2018.0,2018,2018,-6054
41500,5,2019.0,2019,2019,-10095
41700,1,2018.0,2018,2018,-2018
41900,1,2020.0,2020,2020,-2020
42000,11,2019.3333333333333,2018,2020,-2018
42300,7,2019.0,2019,2019,-14133
42400,1,2019.0,2019,2019,-2019
42500,13,8405.4,2019,10002,-22023
42600,4,6007.0,2019,9995,-24028
42900,4,6013.5,2022,10005,-24054
43500,1,2020.0,2020,2020,-2020
44500,1,2021.0,2021,2021,-2021
44800,6,9998.0,9998,9998,39992
45000,6,10002.0,10002,10002,-60012
45400,1,2018.0,2018,2018,-2018
45500,3,2019.0,2019,2019,-6057
45800,1,2018.0,2018,2018,-2018
45900,4,7343.333333333333,2022,10004,-4044
46600,4,6008.5,2019,9998,-24034
46900,1,2021.0,2021,2021,-2021
47100,10,7338.333333333333,2019,9998,31916
47500,4,10002.0,10002,10002,-40008
48100,4,4677.666666666667,2019,9995,-24028
48600,3,4678.0,2019,9996,-14034
49000,1,2019.0,2019,2019,-2019
49200,11,2022.0,2022,2022,-22242
49300,1,2019.0,2019,2019,-2019
49400,9,2021.0,2021,2021,-18189
49500,6,2022.0,2022,2022,-12132
49600,1,2021.0,2021,2021,-2021
49800,5,2020.0,2020,2020,-10100
49900,10,7342.0,2023,10005,-84044
50400,1,9998.0,9998,9998,-9998
50600,15,5212.6,2019,10002,-78191
51300,13,2020.0,2020,2020,-26260
51600,4,7342.333333333333,2023,10002,-4046
51700,15,6007.5,2020,9995,-118025
51900,5,9996.0,9996,9996,-49980
52100,8,9995.0,9995,9995,-79960
52300,7,7342.0,2022,10002,-62034
52700,1,2019.0,2019,2019,-2019
52900,6,10005.0,10005,10005,-60030
53900,4,6013.5,2023,10004,-24054
54100,2,6009.0,2020,9998,-12018
54300,5,8006.5,2022,10004,-22022
54700,4,2020.0,2020,2020,-8080
55000,1,2019.0,2019,2019,-2019
55100,4,6013.5,2022,10005,-24054
55200,5,2019.0,2019,2019,-10095
55700,2,6007.5,2019,9996,-12015
56700,2,2020.0,2020,2020,-4040
57200,1,2019.0,2019,2019,-2019
57500,5,2019.0,2019,2019,-10095
57800,1,9998.0,9998,9998,-9998
57900,4,7338.0,2018,9998,-4036
58000,12,2020.0,2020,2020,-4040
58100,3,10005.0,10005,10005,-30015
58400,15,2016.0,2016,2016,-30240
58600,6,10002.0,10002,10002,-60012
58800,12,9995.0,9995,9995,-119940
59100,2,6012.0,2019,10005,-12024
59300,1,2016.0,2016,2016,-2016
60000,4,7340.333333333333,2018,10005,-32019
60200,9,6005.5,2016,9995,-81976
60700,1,2017.0,2017,2017,-2017
60800,1,2015.0,2015,2015,-2015
60900,3,2015.0,2015,2015,-6045
61200,2,2016.0,2016,2016,-4032
61700,1,2014.0,2014,2014,-2014
61900,8,8401.8,2017,9998,35958
62000,1,2016.0,2016,2016,-2016
62200,4,10002.0,10002,10002,-40008
62300,2,10005.0,10005,10005,-20010
62800,1,2015.0,2015,2015,-2015
63000,1,2018.0,2018,2018,-2018
63100,1,2016.0,2016,2016,-2016
63400,5,2018.0,2018,2018,-10090
63600,1,2018.0,2018,2018,-2018
63800,1,2016.0,2016,2016,-2016
63900,12,9995.0,9995,9995,-119940
64000,2,6007.0,2016,9998,-12014
64200,3,9996.0,9996,9996,-29988
64400,4,9998.0,9998,9998,-39992
64500,1,9998.0,9998,9998,-9998
65000,6,9998.0,9998,9998,39992
65100,3,9996.0,9996,9996,-29988
65300,2,10002.0,10002,10002,-20004
65400,3,2016.0,2016,2016,-6048
66000,1,9998.0,9998,9998,-9998
66300,1,2018.0,2018,2018,-2018
66900,1,2017.0,2017,2017,-2017
67100,9,2018.0,2018,2018,-18162
67200,1,2015.0,2015,2015,-2015
67300,5,9998.0,9998,9998,-49990
67500,1,2015.0,2015,2015,-2015
67600,12,2018.0,2018,2018,-24216
68000,6,2015.0,2015,2015,-12090
68100,2,9998.0,9998,9998,-19996
68200,1,2017.0,2017,2017,-2017
68300,1,2017.0,2017,2017,-2017
68600,1,2015.0,2015,2015,-2015
68900,1,2017.0,2017,2017,-2017
69100,10,2015.6666666666667,2015,2017,-20152
69200,3,2017.0,2017,2017,-6051
69300,7,7337.666666666667,2017,9998,37975
69600,1,2015.0,2015,2015,-2015
69700,8,8404.6,2015,10002,-64042
70100,1,2015.0,2015,2015,-2015
70300,2,9998.0,9998,9998,-19996
70600,4,7335.666666666667,2015,9996,-24022
70800,1,2015.0,2015,2015,-2015
71200,7,7339.666666666667,2015,10002,-62027
71500,6,6008.5,2015,10002,-36051
71700,8,2014.0,2014,2014,-16112
71900,6,10002.0,10002,10002,-60012
72000,1,2017.0,2017,2017,-2017
72400,1,10002.0,10002,10002,-10002
72500,2,6010.5,2017,10004,-12021
72900,2,6010.5,2017,10004,-12021
73000,2,6008.0,2014,10002,-12016
73100,1,10002.0,10002,10002,-10002
73900,8,2015.0,2015,2015,-16120
74000,1,10002.0,10002,10002,-10002
74300,1,2014.0,2014,2014,-2014
74900,1,10002.0,10002,10002,-10002
75000,16,8001.75,2016,9998,-51979
75500,4,6005.0,2014,9996,-24020
75600,6,10002.0,10002,10002,-60012
75900,6,2014.0,2014,2014,-12084
76100,6,9998.0,9998,9998,39992
76200,14,2014.0,2014,2014,-28196
76900,5,2014.0,2014,2014,-10070
77000,4,6009.0,2016,10002,-24036
77100,2,2015.0,2015,2015,-4030
77200,11,2013.0,2012,2014,-22134
77600,10,2012.0,2012,2012,-20120
78100,10,6007.75,2013,10002,-68067
78500,11,10004.0,10004,10004,-10004
78700,2,2013.0,2013,2013,-4026
78800,6,10002.0,10002,10002,-60012
78900,2,6008.5,2015,10002,-12017
79000,3,2013.0,2013,2013,-6039
79100,1,2013.0,2013,2013,-2013
79200,5,2014.0,2014,2014,-10070
79400,1,2013.0,2013,2013,-2013
79600,13,2013.0,2013,2013,-26169
79900,4,6005.5,2013,9998,-32007
80900,1,2013.0,2013,2013,-2013
81100,1,2015.0,2015,2015,-2015
81400,6,10004.0,10004,10004,40016
81800,6,10002.0,10002,10002,-60012
81900,6,9998.0,9998,9998,39992
82500,1,2015.0,2015,2015,-2015
82600,4,2016.0,2016,2016,-8064
82800,2,6010.0,2018,10002,-12020
83100,10,6007.0,2016,9998,31928
84100,9,9996.0,9996,9996,-89964
84200,4,7336.0,2016,9996,-32004
84300,7,10004.0,10004,10004,30012
84500,1,2015.0,2015,2015,-2015
85100,27,2016.5,2015,2018,-54447
85800,1,2015.0,2015,2015,-2015
85900,6,9998.0,9998,9998,39992
86100,6,10002.0,10002,10002,-60012
86200,3,2015.0,2015,2015,-6045
86700,2,6006.5,2015,9998,-12013
87200,6,9996.0,9996,9996,-59976
87400,1,2015.0,2015,2015,-2015
87700,1,2013.0,2013,2013,-2013
87900,2,6011.0,2017,10005,-12022
88000,4,6004.5,2013,9996,-24018
88100,8,2017.0,2017,2017,-16136
88300,1,2014.0,2014,2014,-2014
88500,1,2016.0,2016,2016,-2016
88900,1,2014.0,2014,2014,-2014
89100,2,6006.0,2014,9998,-12012
89200,1,10002.0,10002,10002,-10002
89600,10,6006.0,2016,9996,-36120
89800,1,2014.0,2014,2014,-2014
89900,4,6004.5,2014,9995,-24018
90000,2,9998.0,9998,9998,-19996
90100,3,10002.0,10002,10002,-30006
90300,1,9998.0,9998,9998,-9998
90900,1,2017.0,2017,2017,-2017
91000,1,2017.0,2017,2017,-2017
91100,2,6005.5,2015,9996,-12011
91200,2,6005.0,2015,9995,-12010
91500,15,2015.0,2015,2015,-30225
91700,6,9998.0,9998,9998,39992
92100,6,9998.0,9998,9998,39992
92200,12,6005.5,2015,9996,-40142
92300,12,2018.0,2018,2018,-24216
92700,5,6008.75,2015,10002,-34037
92900,2,6007.0,2016,9998,-12014
93200,1,2019.0,2019,2019,-2019
93300,1,2019.0,2019,2019,-2019
93400,8,9998.0,9998,9998,19996
93600,2,6013.5,2023,10004,-12027
93800,6,9998.0,9998,9998,39992
94200,1,10002.0,10002,10002,-10002
94300,6,10002.0,10002,10002,-60012
94400,2,6014.0,2023,10005,-12028
94600,1,9998.0,9998,9998,-9998
94900,6,2023.0,2023,2023,-12138
95000,8,8009.0,2023,10005,27988
95600,1,2018.0,2018,2018,-2018
95700,6,10002.0,10002,10002,-60012
95800,7,10005.0,10005,10005,-70035
96000,4,7336.0,2016,9996,-24024
96200,1,2017.0,2017,2017,-2017
96300,1,2016.0,2016,2016,-2016
96900,14,2018.0,2018,2018,-28252
97100,2,6006.5,2018,9995,-12013
97200,13,2018.5,2018,2019,-26237
97300,1,2018.0,2018,2018,-2018
97600,10,10002.0,10002,10002,-40008
97700,1,2021.0,2021,2021,-2021
97900,1,2018.0,2018,2018,-2018
98400,7,2020.0,2020,2020,-14140
98800,7,7341.333333333333,2020,10002,-62032
98900,15,2021.0,2021,2021,-30315
99000,1,2018.0,2018,2018,-2018
99400,4,6013.5,2022,10005,-24054
99800,4,2022.0,2022,2022,-8088
99900,1,2018.0,2018,2018,-2018
100000,2,6012.0,2020,10004,-12024
100200,1,9998.0,9998,9998,-9998
100500,8,9995.0,9995,9995,-79960
100700,6,10002.0,10002,10002,-60012
100900,8,2018.0,2018,2018,-16144
101200,20,4017.0,2019,10005,-56403
101500,8,6010.75,2019,10004,-56065
101600,6,2019.0,2019,2019,-12114
102200,5,4682.333333333333,2021,10005,-26073
102300,4,9998.0,9998,9998,-39992
102600,5,7338.333333333333,2019,9998,-34032
102700,6,10005.0,10005,10005,-60030
103400,1,10002.0,10002,10002,-10002
104200,1,2019.0,2019,2019,-2019
104300,1,2019.0,2019,2019,-2019
104700,6,10002.0,10002,10002,-60012
104900,2,6012.5,2021,10004,-12025
105200,1,2018.0,2018,2018,-2018
105400,6,10002.0,10002,10002,-60012
105700,1,2020.0,2020,2020,-2020
106000,4,2018.0,2018,2018,-8072
106100,7,9996.0,9996,9996,-69972
106200,13,2021.0,2021,2021,-26273
106300,10,4013.0,2018,9998,-28160
106500,10,10005.0,10005,10005,-100050
106600,2,9998.0,9998,9998,-19996
107400,2,6007.0,2019,9995,-12014
107600,1,2020.0,2020,2020,-2020
108100,6,9998.0,9998,9998,39992
108400,1,2019.0,2019,2019,-2019
108500,1,2017.0,2017,2017,-2017
109000,1,2017.0,2017,2017,-2017
109100,1,2017.0,2017,2017,-2017
109300,12,2018.5,2017,2020,-24237
109700,1,2018.0,2018,2018,-2018
110000,6,9996.0,9996,9996,-59976
110100,1,2018.0,2018,2018,-2018
110400,17,6011.5,2018,10005,-114176
111000,6,7339.0,2021,9998,27973
111100,15,2022.0,2022,2022,-30330
111300,1,2019.0,2019,2019,-2019
111700,1,2019.0,2019,2019,-2019
113000,6,10002.0,10002,10002,-60012
113300,5,2018.0,2018,2018,-10090
113700,13,2018.0,2018,2018,-26234
113800,21,7341.0,2017,10002,-90319
114100,1,2020.0,2020,2020,-2020
114400,7,10002.0,10002,10002,30006
114800,15,2021.0,2021,2021,-30315
115300,6,9998.0,9998,9998,39992
115700,1,2020.0,2020,2020,-2020
116000,11,2019.5,2018,2021,-22228
116200,2,6006.5,2018,9995,-12013
116900,8,9996.0,9996,9996,-79968
117500,2,2018.0,2018,2018,-4036
117700,5,2018.0,2018,2018,-10090
118100,1,10002.0,10002,10002,-10002
118200,1,2017.0,2017,2017,-2017
118300,1,2018.0,2018,2018,-2018
118700,10,2017.0,2017,2017,-20170
119100,2,2019.0,2019,2019,-4038
119300,6,9998.0,9998,9998,39992
119600,1,2017.0,2017,2017,-2017
119800,3,4679.0,2018,10000,-14037
119900,1,2017.0,2017,2017,-2017
120000,6,10002.0,10002,10002,-60012
120300,4,6005.5,2015,9996,-24022
120400,2,2015.0,2015,2015,-4030
120500,14,3612.4,2015,10002,-36197
120600,1,2014.0,2014,2014,-2014
121100,1,2013.0,2013,2013,-2013
121500,2,6008.5,2015,10002,-12017
121800,1,10002.0,10002,10002,-10002
121900,1,2015.0,2015,2015,-2015
122300,5,2013.0,2013,2013,-10065
122600,1,2013.0,2013,2013,-2013
122800,10,2013.0,2013,2013,-4026
122900,1,2013.0,2013,2013,-2013
123000,2,6004.0,2010,9998,-12008
123200,10,2013.3333333333333,2012,2014,8
123500,15,2013.0,2013,2013,-30195
123600,7,2010.0,2010,2010,-14070
123800,7,7336.333333333333,2013,9998,37979
124000,4,6009.5,2014,10005,-24038
124500,3,2011.0,2011,2011,-6033
124600,1,2013.0,2013,2013,-2013
125300,1,2012.0,2012,2012,-2012
125400,2,9998.0,9998,9998,-19996
125900,6,2014.0,2014,2014,-12084
126300,4,6004.0,2013,9995,-24016
126400,5,4673.666666666667,2013,9995,-26029
127000,4,6004.5,2014,9995,-24018
127400,4,6010.5,2016,10005,-24042
127500,1,2014.0,2014,2014,-2014
127900,9,10004.0,10004,10004,10004
128200,6,10002.0,10002,10002,-60012
128400,4,4674.333333333333,2013,9996,-16037
128700,6,10005.0,10005,10005,-60030
128900,1,2015.0,2015,2015,-2015
129600,1,2014.0,2014,2014,-2014
129700,3,2015.0,2015,2015,-6045
130300,6,10002.0,10002,10002,-60012
130700,1,2016.0,2016,2016,-2016
130900,2,2014.0,2014,2014,-4028
131000,1,2016.0,2016,2016,-2016
131700,9,2013.0,2013,2013,-18117
131800,17,2014.0,2014,2014,-34238
132100,4,9998.0,9998,9998,-39992
132400,2,6010.0,2016,10004,-12020
132500,16,4674.666666666667,2013,9998,-40193
133000,13,2013.0,2013,2013,-26169
133100,5,10004.0,10004,10004,30012
133200,6,9996.0,9996,9996,-59976
133400,4,7336.333333333333,2013,9998,-32007
133500,1,2015.0,2015,2015,-2015
133700,1,2013.0,2013,2013,-2013
134000,3,2014.5,2014,2015,-6043
134100,2,9998.0,9998,9998,-19996
134200,1,10002.0,10002,10002,-10002
134300,1,10002.0,10002,10002,-10002
134600,2,10004.0,10004,10004,0
134700,2,10004.0,10004,10004,0
134900,7,9998.0,9998,9998,29994
135400,9,2013.0,2013,2013,-18117
135500,1,2015.0,2015,2015,-2015
135600,6,10002.0,10002,10002,-60012
135900,4,6011.0,2017,10005,-24044
136000,6,9998.0,9998,9998,39992
136300,6,10002.0,10002,10002,-60012
136500,4,4677.333333333333,2014,10004,-24036
137000,6,9996.0,9996,9996,-59976
137100,8,10002.0,10002,10002,20004
137400,3,10002.0,10002,10002,-30006
137600,1,2015.0,2015,2015,-2015
137700,5,6006.0,2014,9998,-26038
137900,2,6010.0,2016,10004,-12020
138100,9,9996.0,9996,9996,-89964
138300,7,9995.0,9995,9995,-69965
138500,14,2014.5,2013,2016,-28221
138600,3,2013.5,2013,2014,-6041
138900,10,2013.0,2013,2013,-20130
139000,1,2013.0,2013,2013,-2013
139400,10,6808.2,2014,10004,-56058
139600,6,9998.0,9998,9998,39992
139700,5,2014.0,2014,2014,-10070
140100,1,2013.0,2013,2013,-2013
140600,1,2012.0,2012,2012,-2012
141600,1,10002.0,10002,10002,-10002
142600,1,2013.0,2013,2013,-2013
142800,2,9998.0,9998,9998,-19996
143100,2,6008.0,2014,10002,-12016
143600,2,6004.0,2013,9995,-12008
144000,1,2016.0,2016,2016,-2016
144200,1,2015.0,2015,2015,-2015
145000,2,6005.0,2012,9998,-12010
145400,2,6005.0,2012,9998,-12010
145500,7,7339.666666666667,2015,10002,-62027
145700,10,10004.0,10004,10004,0
146000,6,2012.0,2012,2012,-12072
146300,16,6005.0,2012,9998,-40178
146400,9,2012.0,2012,2012,-18108
146500,2,6009.5,2014,10005,-12019
146600,6,10000.0,10000,10000,-60000
146900,1,2013.0,2013,2013,-2013
147200,14,2016.0,2016,2016,-28224
147600,1,2012.0,2012,2012,-2012
147700,6,10002.0,10002,10002,-60012
147800,1,2014.0,2014,2014,-2014
148000,9,2015.0,2015,2015,-18135
148200,1,2013.0,2013,2013,-2013
148700,5,4678.0,2013,10005,-26055
149500,1,2015.0,2015,2015,-2015
149700,5,2016.0,2016,2016,-10080
149800,6,7339.666666666667,2015,10002,-52025
149900,5,2013.0,2013,2013,-10065
150000,1,9996.0,9996,9996,-9996
150200,1,9998.0,9998,9998,-9998
150400,1,2013.0,2013,2013,-2013
150500,1,10002.0,10002,10002,-10002
150600,1,2013.0,2013,2013,-2013
151500,1,2014.0,2014,2014,-2014
151600,3,10002.0,10002,10002,-30006
152200,5,2014.0,2014,2014,-10070
152300,13,4679.333333333333,2017,10004,-42195
152600,1,2013.0,2013,2013,-2013
153000,3,9995.0,9995,9995,-29985
153300,14,2017.0,2017,2017,-28238
153500,7,7337.666666666667,2017,9998,37975
153600,14,2017.0,2017,2017,-28238
154300,10,6005.5,2015,9996,-36112
154700,11,2019.0,2019,2019,-22209
154800,1,10002.0,10002,10002,-10002
154900,15,2015.0,2015,2015,-30225
155100,1,2015.0,2015,2015,-2015
155200,1,10002.0,10002,10002,-10002
155500,6,9998.0,9998,9998,39992
155700,2,6010.5,2016,10005,-12021
156200,7,2014.0,2014,2014,-14098
156500,3,10002.0,10002,10002,-30006
156600,5,6005.5,2015,9996,-26037
156900,1,2015.0,2015,2015,-2015
157000,1,2015.0,2015,2015,-2015
157300,4,2015.0,2015,2015,-8060
157400,19,6008.0,2014,10002,-118146
157500,1,2014.0,2014,2014,-2014
157700,1,2016.0,2016,2016,-2016
158100,1,2014.0,2014,2014,-2014
158200,6,10002.0,10002,10002,-60012
158300,7,9998.0,9998,9998,-69986
158800,1,2016.0,2016,2016,-2016
159200,9,9995.0,9995,9995,-89955
159300,1,2014.0,2014,2014,-2014
160000,4,6011.0,2018,10004,-24044
160300,6,9998.0,9998,9998,39992
160400,7,7337.666666666667,2017,9998,37975
160500,13,2018.0,2018,2018,-26234
160600,6,10002.0,10002,10002,-60012
161000,8,2015.0,2015,2015,-16120
161600,6,9998.0,9998,9998,39992
162400,4,2015.0,2015,2015,-8060
162600,1,2018.0,2018,2018,-2018
162900,4,9995.0,9995,9995,-39980
163500,4,2016.0,2016,2016,-8064
163800,14,2016.5,2015,2018,-28249
163900,4,7335.666666666667,2015,9996,-24022
164600,1,2018.0,2018,2018,-2018
164800,8,10004.0,10004,10004,20008
165100,1,2018.0,2018,2018,-2018
165200,6,2017.0,2017,2017,-12102
166000,1,2019.0,2019,2019,-2019
166400,1,9998.0,9998,9998,-9998
167000,5,2017.0,2017,2017,-10085
167100,6,9996.0,9996,9996,-59976
167300,11,2016.0,2016,2016,-22176
167800,7,7338.333333333333,2019,9998,37973
167900,6,9998.0,9998,9998,39992
168000,8,10005.0,10005,10005,-80040
169000,5,2019.0,2019,2019,-2019
169900,1,2017.0,2017,2017,-2017
170200,4,6009.5,2017,10002,-32023
171000,3,2019.0,2019,2019,-6057
171100,1,10002.0,10002,10002,-10002
171600,4,2018.0,2018,2018,-8072
171900,2,6009.5,2017,10002,-12019
172100,6,10002.0,10002,10002,-60012
172600,4,7336.333333333333,2017,9996,-24026
173300,2,2017.0,2017,2017,-4034
173400,5,8002.75,2017,10002,-34028
173800,1,2020.0,2020,2020,-2020
173900,9,10005.0,10005,10005,-90045
174000,2,6007.5,2017,9998,-12015
174300,1,10002.0,10002,10002,-10002
174400,1,2017.0,2017,2017,-2017
175800,2,6012.0,2020,10004,-12024
176000,8,6009.5,2017,10002,-64046
176100,4,7343.0,2021,10004,-4042
176600,1,2018.0,2018,2018,-2018
176900,5,2018.0,2018,2018,-10090
177400,1,2018.0,2018,2018,-2018
177600,6,9998.0,9998,9998,39992
177700,2,6007.0,2018,9996,-12014
177900,14,2018.0,2018,2018,-28252
178000,1,9998.0,9998,9998,-9998
178700,1,2018.0,2018,2018,-2018
178800,5,2021.0,2021,2021,-10105
178900,1,2018.0,2018,2018,-2018
179000,4,7343.0,2021,10004,-4042
179100,1,2018.0,2018,2018,-2018
179300,2,9998.0,9998,9998,-19996
179600,4,9998.0,9998,9998,-39992
179800,8,9995.0,9995,9995,-79960
179900,2,9996.0,9996,9996,-19992
180000,11,2020.0,2020,2020,-22220
180500,9,6011.0,2020,10002,-42126
180800,1,10002.0,10002,10002,-10002
180900,12,6009.5,2021,9998,-32229
181000,1,2020.0,2020,2020,-2020
181400,4,7341.666666666667,2021,10002,-4042
181500,5,4678.0,2018,9998,-26050
181600,2,2018.0,2018,2018,-4036
181700,14,2021.0,2021,2021,-28294
181800,1,2018.0,2018,2018,-2018
181900,6,10002.0,10002,10002,-60012
182000,6,10002.0,10002,10002,-60012
182100,2,2018.0,2018,2018,-4036
182200,1,2020.0,2020,2020,-2020
182300,4,9996.0,9996,9996,-39984
183100,3,7343.333333333333,2022,10004,-2022
183200,9,2019.0,2019,2019,-18171
183500,1,2022.0,2022,2022,-2022
183700,8,2023.0,2023,2023,-16184
183900,6,9995.0,9995,9995,-59970
184000,13,2019.0,2019,2019,-26247
184100,1,2022.0,2022,2022,-2022
184600,2,6007.5,2020,9995,-12015
184800,3,10002.0,10002,10002,-30006
185200,10,2024.0,2024,2024,-20240
185400,2,6008.0,2020,9996,-12016
185800,1,9998.0,9998,9998,-9998
186100,5,2022.0,2022,2022,-10110
186300,21,8008.25,2021,10004,-30214
186400,1,2021.0,2021,2021,-2021
187000,3,2022.0,2022,2022,-6066
187300,1,2023.0,2023,2023,-2023
187400,1,2023.0,2023,2023,-2023
187700,16,2022.5,2021,2024,-32381
188000,6,10002.0,10002,10002,-60012
188400,1,9998.0,9998,9998,-9998
188500,1,10002.0,10002,10002,-10002
189000,1,2020.0,2020,2020,-2020
189200,3,2021.0,2021,2021,-6063
189500,8,8403.2,2024,9998,35944
189800,4,7343.666666666667,2023,10004,-4046
189900,1,2022.0,2022,2022,-2022
190000,9,2020.0,2020,2020,-18180
190300,1,2023.0,2023,2023,-2023
190600,1,2020.0,2020,2020,-2020
190700,10,2020.0,2020,2020,-20200
190900,9,6811.2,2023,10005,-74064
191000,1,10002.0,10002,10002,-10002
191400,1,9998.0,9998,9998,-9998
191700,6,10004.0,10004,10004,20008
191800,1,2022.0,2022,2022,-2022
192000,2,6012.0,2022,10002,-12024
192100,6,9998.0,9998,9998,39992
192200,5,2019.0,2019,2019,-10095
192400,2,6008.5,2019,9998,-12017
192700,6,9996.0,9996,9996,-59976
193300,1,10002.0,10002,10002,-10002
193600,14,2021.0,2021,2021,-28294
193700,6,9998.0,9998,9998,39992
193800,1,2020.0,2020,2020,-2020
194000,1,2018.0,2018,2018,-2018
194300,1,2018.0,2018,2018,-2018
194400,4,6011.5,2021,10002,-24046
194600,1,2018.0,2018,2018,-2018
195100,18,6010.0,2018,10002,-116164
195700,6,10002.0,10002,10002,-60012
195800,2,6012.5,2021,10004,-12025
196000,1,10002.0,10002,10002,-10002
196500,1,2022.0,2022,2022,-2022
197300,4,8004.75,2023,10004,-32019
197500,1,2020.0,2020,2020,-2020
197700,4,6013.0,2024,10002,-24052
198500,4,6011.0,2024,9998,-24044
198800,1,2021.0,2021,2021,-2021
198900,11,7341.666666666667,2021,10002,-70117
199000,4,6008.0,2020,9996,-24032
199100,1,2020.0,2020,2020,-2020
199200,2,2021.0,2021,2021,-4042
199400,8,3617.8,2021,10004,-24152
199500,1,10002.0,10002,10002,-10002
199600,4,4682.666666666667,2023,10002,-20004
